onset	duration	trial_type
7.967000	0.000000	sc2240_run2_static
19.861000	0.000000	sc2240_run2_static
32.790000	0.000000	sc2240_2_down_no.txt_2
43.551000	0.000000	sc2240_2_up_yes.txt_2
53.447000	0.000000	sc2240_2_down_yes.txt_2
63.692000	0.000000	sc2240_2_up_no.txt_2
73.888000	0.000000	sc2240_2_up_yes.txt_2
83.933000	0.000000	sc2240_2_up_yes.txt_2
93.229000	0.000000	sc2240_2_down_yes.txt_2
102.091000	0.000000	sc2240_run2_static
111.270000	0.000000	sc2240_run2_static
122.499000	0.000000	sc2240_2_down_no.txt_2
131.762000	0.000000	sc2240_2_down_yes.txt_2
138.858000	0.000000	sc2240_run2_static
150.920000	0.000000	sc2240_2_down_no.txt_2
159.948000	0.000000	sc2240_run2_static
172.343000	0.000000	sc2240_2_up_no.txt_2
182.655000	0.000000	sc2240_2_up_no.txt_2
191.218000	0.000000	sc2240_2_up_no.txt_2
201.530000	0.000000	sc2240_2_down_yes.txt_2
212.325000	0.000000	sc2240_2_down_yes.txt_2
221.804000	0.000000	sc2240_2_up_yes.txt_2
229.567000	0.000000	sc2240_run2_static
241.195000	0.000000	sc2240_2_up_no.txt_2
250.674000	0.000000	sc2240_run2_static
263.219000	0.000000	sc2240_2_up_no.txt_2
274.614000	0.000000	sc2240_2_down_yes.txt_2
285.659000	0.000000	sc2240_2_up_no.txt_2
293.554000	0.000000	sc2240_run2_static
305.150000	0.000000	sc2240_2_up_yes.txt_2
313.863000	0.000000	sc2240_2_down_no.txt_2
324.741000	0.000000	sc2240_2_up_yes.txt_2
334.520000	0.000000	sc2240_2_up_no.txt_2
343.299000	0.000000	sc2240_2_down_yes.txt_2
351.012000	0.000000	sc2240_run2_static
359.758000	0.000000	sc2240_run2_static
370.054000	0.000000	sc2240_2_down_no.txt_2
380.499000	0.000000	sc2240_2_down_no.txt_2
391.111000	0.000000	sc2240_2_up_yes.txt_2
401.406000	0.000000	sc2240_2_down_no.txt_2
410.269000	0.000000	sc2240_2_down_no.txt_2
419.248000	0.000000	sc2240_run2_static
431.410000	0.000000	sc2240_2_up_yes.txt_2
441.255000	0.000000	sc2240_2_down_yes.txt_2
450.851000	0.000000	sc2240_2_up_no.txt_2
459.180000	0.000000	sc2240_run2_static
470.391000	0.000000	sc2240_run2_static
482.037000	0.000000	sc2240_2_down_yes.txt_2
491.499000	0.000000	sc2240_2_up_yes.txt_2
500.095000	0.000000	sc2240_run2_static
509.940000	0.000000	sc2240_run2_static
518.886000	0.000000	sc2240_run2_static
531.614000	0.000000	sc2240_2_down_yes.txt_2
541.093000	0.000000	sc2240_run2_static
