onset	duration	trial_type
9.263000	0.000000	sc2400_3_down_no.txt_3
20.606000	0.000000	sc2400_3_up_yes.txt_3
28.714000	0.000000	sc2400_run3_static
41.490000	0.000000	sc2400_3_up_no.txt_3
52.833000	0.000000	sc2400_3_up_yes.txt_3
62.308000	0.000000	sc2400_3_up_yes.txt_3
73.367000	0.000000	sc2400_3_up_no.txt_3
82.658000	0.000000	sc2400_3_up_no.txt_3
92.284000	0.000000	sc2400_run3_static
104.510000	0.000000	sc2400_3_down_yes.txt_3
114.168000	0.000000	sc2400_3_down_yes.txt_3
122.243000	0.000000	sc2400_run3_static
133.484000	0.000000	sc2400_3_down_yes.txt_3
143.494000	0.000000	sc2400_run3_static
154.118000	0.000000	sc2400_3_up_yes.txt_3
162.460000	0.000000	sc2400_run3_static
173.818000	0.000000	sc2400_3_down_no.txt_3
182.710000	0.000000	sc2400_run3_static
193.735000	0.000000	sc2400_3_up_no.txt_3
202.642000	0.000000	sc2400_3_down_yes.txt_3
213.718000	0.000000	sc2400_3_down_yes.txt_3
222.576000	0.000000	sc2400_3_up_no.txt_3
230.867000	0.000000	sc2400_run3_static
243.226000	0.000000	sc2400_3_down_no.txt_3
251.201000	0.000000	sc2400_run3_static
262.242000	0.000000	sc2400_3_down_no.txt_3
271.685000	0.000000	sc2400_run3_static
284.077000	0.000000	sc2400_3_up_no.txt_3
294.786000	0.000000	sc2400_3_up_yes.txt_3
304.496000	0.000000	sc2400_run3_static
314.686000	0.000000	sc2400_3_up_yes.txt_3
321.944000	0.000000	sc2400_run3_static
334.753000	0.000000	sc2400_3_down_no.txt_3
344.129000	0.000000	sc2400_run3_static
352.736000	0.000000	sc2400_run3_static
362.111000	0.000000	sc2400_run3_static
373.469000	0.000000	sc2400_3_up_no.txt_3
383.344000	0.000000	sc2400_3_up_yes.txt_3
393.569000	0.000000	sc2400_3_up_no.txt_3
404.595000	0.000000	sc2400_3_down_no.txt_3
412.503000	0.000000	sc2400_run3_static
423.661000	0.000000	sc2400_3_up_no.txt_3
433.086000	0.000000	sc2400_3_down_no.txt_3
442.627000	0.000000	sc2400_3_down_yes.txt_3
452.435000	0.000000	sc2400_3_down_no.txt_3
461.760000	0.000000	sc2400_3_down_no.txt_3
470.467000	0.000000	sc2400_3_up_yes.txt_3
481.026000	0.000000	sc2400_3_down_yes.txt_3
490.652000	0.000000	sc2400_run3_static
503.295000	0.000000	sc2400_3_down_yes.txt_3
513.103000	0.000000	sc2400_3_up_yes.txt_3
521.678000	0.000000	sc2400_run3_static
532.436000	0.000000	sc2400_3_down_yes.txt_3
540.594000	0.000000	sc2400_run3_static
