onset	duration	trial_type
8.866000	0.000000	sc2388_1_down_no.txt_1
20.776000	0.000000	sc2388_1_down_yes.txt_1
31.185000	0.000000	sc2388_1_down_yes.txt_1
42.995000	0.000000	sc2388_1_down_yes.txt_1
53.871000	0.000000	sc2388_1_up_yes.txt_1
65.464000	0.000000	sc2388_1_up_yes.txt_1
75.556000	0.000000	sc2388_1_down_no.txt_1
85.264000	0.000000	sc2388_1_down_no.txt_1
93.871000	0.000000	sc2388_1_down_yes.txt_1
103.497000	0.000000	sc2388_run1_static
114.922000	0.000000	sc2388_1_up_no.txt_1
124.915000	0.000000	sc2388_run1_static
136.225000	0.000000	sc2388_run1_static
146.432000	0.000000	sc2388_1_down_yes.txt_1
156.375000	0.000000	sc2388_run1_static
167.400000	0.000000	sc2388_1_down_yes.txt_1
176.224000	0.000000	sc2388_1_up_no.txt_1
185.633000	0.000000	sc2388_run1_static
198.309000	0.000000	sc2388_1_up_no.txt_1
207.667000	0.000000	sc2388_1_up_no.txt_1
215.158000	0.000000	sc2388_run1_static
228.218000	0.000000	sc2388_1_down_no.txt_1
236.309000	0.000000	sc2388_run1_static
247.951000	0.000000	sc2388_1_up_yes.txt_1
258.844000	0.000000	sc2388_1_up_no.txt_1
268.435000	0.000000	sc2388_1_up_yes.txt_1
276.977000	0.000000	sc2388_run1_static
287.069000	0.000000	sc2388_run1_static
295.659000	0.000000	sc2388_run1_static
304.917000	0.000000	sc2388_run1_static
315.109000	0.000000	sc2388_run1_static
328.536000	0.000000	sc2388_1_down_yes.txt_1
338.779000	0.000000	sc2388_run1_static
351.555000	0.000000	sc2388_1_up_no.txt_1
359.947000	0.000000	sc2388_run1_static
369.121000	0.000000	sc2388_run1_static
382.598000	0.000000	sc2388_1_up_no.txt_1
391.372000	0.000000	sc2388_1_up_no.txt_1
400.196000	0.000000	sc2388_1_up_yes.txt_1
410.989000	0.000000	sc2388_1_up_yes.txt_1
421.364000	0.000000	sc2388_1_down_yes.txt_1
430.822000	0.000000	sc2388_1_down_no.txt_1
441.598000	0.000000	sc2388_1_down_yes.txt_1
451.156000	0.000000	sc2388_1_down_no.txt_1
461.014000	0.000000	sc2388_1_down_no.txt_1
470.690000	0.000000	sc2388_run1_static
482.883000	0.000000	sc2388_1_up_no.txt_1
493.475000	0.000000	sc2388_1_down_no.txt_1
502.132000	0.000000	sc2388_1_up_no.txt_1
513.125000	0.000000	sc2388_1_down_no.txt_1
522.199000	0.000000	sc2388_1_up_no.txt_1
533.475000	0.000000	sc2388_1_up_yes.txt_1
543.135000	0.000000	sc2388_run1_static
552.743000	0.000000	sc2388_run1_static
