onset	duration	trial_type
8.376000	0.000000	sc0055_3_up_yes.txt_3
11.761700	0.000000	sc0055_3_up_no.txt_3
18.922000	0.000000	sc0055_3_down_yes.txt_3
27.950000	0.000000	sc0055_run3_static
38.929000	0.000000	sc0055_3_down_yes.txt_3
46.575000	0.000000	sc0055_run3_static
60.053000	0.000000	sc0055_3_down_yes.txt_3
69.432000	0.000000	sc0055_run3_static
80.661000	0.000000	sc0055_3_up_yes.txt_3
92.622000	0.000000	sc0055_3_down_no.txt_3
112.996000	0.000000	sc0055_3_down_no.txt_3
123.824000	0.000000	sc0055_run3_static
136.152000	0.000000	sc0055_3_down_yes.txt_3
144.315000	0.000000	sc0055_run3_static
158.176000	0.000000	sc0055_3_up_yes.txt_3
169.854000	0.000000	sc0055_3_down_no.txt_3
181.016000	0.000000	sc0055_3_down_no.txt_3
193.177000	0.000000	sc0055_3_down_yes.txt_3
204.672000	0.000000	sc0055_3_up_no.txt_3
214.900000	0.000000	sc0055_3_down_no.txt_3
227.428000	0.000000	sc0055_3_down_yes.txt_3
237.141000	0.000000	sc0055_3_down_yes.txt_3
244.853000	0.000000	sc0055_run3_static
253.849000	0.000000	sc0055_run3_static
265.478000	0.000000	sc0055_3_up_no.txt_3
272.807000	0.000000	sc0055_run3_static
286.618000	0.000000	sc0055_3_up_no.txt_3
297.097000	0.000000	sc0055_3_down_yes.txt_3
307.825000	0.000000	sc0055_run3_static
318.603000	0.000000	sc0055_run3_static
329.766000	0.000000	sc0055_3_up_yes.txt_3
340.927000	0.000000	sc0055_3_down_yes.txt_3
350.356000	0.000000	sc0055_run3_static
360.118000	0.000000	sc0055_run3_static
370.064000	0.000000	sc0055_run3_static
381.809000	0.000000	sc0055_3_up_no.txt_3
389.622000	0.000000	sc0055_run3_static
401.533000	0.000000	sc0055_run3_static
413.678000	0.000000	sc0055_3_down_yes.txt_3
425.806000	0.000000	sc0055_3_down_yes.txt_3
436.001000	0.000000	sc0055_3_up_no.txt_3
448.329000	0.000000	sc0055_3_up_no.txt_3
459.991000	0.000000	sc0055_3_up_no.txt_3
471.669000	0.000000	sc0055_3_up_no.txt_3
482.964000	0.000000	sc0055_3_up_yes.txt_3
495.575000	0.000000	sc0055_3_down_yes.txt_3
505.670000	0.000000	sc0055_run3_static
518.664000	0.000000	sc0055_3_down_no.txt_3
529.160000	0.000000	sc0055_3_up_no.txt_3
538.122000	0.000000	sc0055_3_up_no.txt_3
548.051000	0.000000	sc0055_run3_static
560.246000	0.000000	sc0055_3_up_yes.txt_3
570.941000	0.000000	sc0055_3_up_no.txt_3
579.753000	0.000000	sc0055_run3_static
