onset	duration	trial_type
7.468000	0.000000	sc2237_run3_static
18.513000	0.000000	sc2237_run3_static
30.392000	0.000000	sc2237_3_up_no.txt_3
39.387000	0.000000	sc2237_run3_static
48.400000	0.000000	sc2237_run3_static
60.761000	0.000000	sc2237_3_down_yes.txt_3
71.607000	0.000000	sc2237_3_up_no.txt_3
82.818000	0.000000	sc2237_3_up_yes.txt_3
93.047000	0.000000	sc2237_3_down_yes.txt_3
101.810000	0.000000	sc2237_3_up_no.txt_3
110.356000	0.000000	sc2237_3_down_yes.txt_3
117.735000	0.000000	sc2237_run3_static
128.897000	0.000000	sc2237_run3_static
137.260000	0.000000	sc2237_run3_static
147.239000	0.000000	sc2237_3_down_yes.txt_3
156.835000	0.000000	sc2237_3_up_yes.txt_3
165.381000	0.000000	sc2237_3_down_no.txt_3
175.376000	0.000000	sc2237_3_up_yes.txt_3
186.571000	0.000000	sc2237_3_up_yes.txt_3
193.617000	0.000000	sc2237_run3_static
203.464000	0.000000	sc2237_3_down_no.txt_3
211.859000	0.000000	sc2237_run3_static
222.039000	0.000000	sc2237_3_up_yes.txt_3
232.617000	0.000000	sc2237_3_up_yes.txt_3
241.813000	0.000000	sc2237_3_up_no.txt_3
252.342000	0.000000	sc2237_3_down_no.txt_3
263.203000	0.000000	sc2237_3_up_no.txt_3
273.815000	0.000000	sc2237_3_down_no.txt_3
283.544000	0.000000	sc2237_3_up_no.txt_3
292.673000	0.000000	sc2237_3_up_yes.txt_3
301.686000	0.000000	sc2237_3_up_yes.txt_3
311.682000	0.000000	sc2237_3_down_yes.txt_3
318.794000	0.000000	sc2237_run3_static
329.174000	0.000000	sc2237_3_down_no.txt_3
338.686000	0.000000	sc2237_3_down_no.txt_3
348.264000	0.000000	sc2237_run3_static
358.260000	0.000000	sc2237_run3_static
367.822000	0.000000	sc2237_run3_static
380.167000	0.000000	sc2237_3_down_no.txt_3
390.546000	0.000000	sc2237_3_down_no.txt_3
399.742000	0.000000	sc2237_3_down_yes.txt_3
410.104000	0.000000	sc2237_3_up_yes.txt_3
419.183000	0.000000	sc2237_3_down_no.txt_3
428.029000	0.000000	sc2237_3_up_no.txt_3
436.441000	0.000000	sc2237_run3_static
447.086000	0.000000	sc2237_run3_static
459.382000	0.000000	sc2237_3_up_yes.txt_3
468.611000	0.000000	sc2237_3_up_no.txt_3
476.157000	0.000000	sc2237_run3_static
485.802000	0.000000	sc2237_run3_static
496.647000	0.000000	sc2237_run3_static
509.092000	0.000000	sc2237_3_down_yes.txt_3
520.204000	0.000000	sc2237_3_down_yes.txt_3
530.200000	0.000000	sc2237_3_down_yes.txt_3
